{"cameraMode":{"drawMode":0,"name":"Shaded","section":"Shading Mode"},"sceneLighting":true,"audioPlay":false,"sceneViewState":{"showFog":true,"showMaterialUpdate":false,"showSkybox":true,"showFlares":true,"showImageEffects":true,"showParticleSystems":true},"in2DMode":false,"pivot":{"x":3.8191535472869875,"y":-4.147566795349121,"z":-2.6344237327575685},"rotation":{"x":-0.22976544499397279,"y":-0.5816319584846497,"z":0.1771906018257141,"w":-0.7602687478065491},"size":20.113527297973634,"orthographic":false}