{"cameraMode":{"drawMode":0,"name":"Shaded","section":"Shading Mode"},"sceneLighting":false,"audioPlay":false,"sceneViewState":{"showFog":true,"showMaterialUpdate":false,"showSkybox":false,"showFlares":true,"showImageEffects":true,"showParticleSystems":true},"in2DMode":false,"pivot":{"x":10.581999778747559,"y":2.7950000762939455,"z":-9.702499389648438},"rotation":{"x":-0.24858079850673676,"y":0.13792440295219422,"z":-0.03577902913093567,"w":-0.9582723379135132},"size":2.6333959102630617,"orthographic":false}